{"station_id": 18825, "name": "ニセコビュープラザ", "prefecture": "北海道", "prefecture_id": 10, "postal_code": "048-1544", "address": "北海道虻田郡ニセコ町字元町77-10", "tel": "0136-43-2051", "parking_large": "", "parking_normal": "", "business_hours": "情報プラザ棟：9:00-18:00農産物直売コーナー：9:00-17:00（4月下旬～10月：8:30-17:00）テイクアウトコーナー：10:00-16:00（4月下旬～10月：9:30-16:30）", "homepage": "http://www.hokkaido-michinoeki.jp/michinoeki/949/", "registered_year": "", "facilities": [], "scraped_at": "2026-02-19T01:06:20.454055+00:00"}
{"station_id": 18826, "name": "しりうち", "prefecture": "北海道", "prefecture_id": 10, "postal_code": "049-1221", "address": "北海道上磯郡知内町字湯の里48-13", "tel": "01392-6-2270", "parking_large": "", "parking_normal": "", "business_hours": "8:00～18:00", "homepage": "http://www.hokkaido-michinoeki.jp/michinoeki/961/", "registered_year": "", "facilities": [], "scraped_at": "2026-02-19T01:06:22.103032+00:00"}
{"station_id": 18827, "name": "横綱の里ふくしま", "prefecture": "北海道", "prefecture_id": 10, "postal_code": "049-1312", "address": "北海道松前郡福島町字福島143-1", "tel": "0139-47-4072", "parking_large": "", "parking_normal": "", "business_hours": "9:00～17:00", "homepage": "http://www.hokkaido-michinoeki.jp/michinoeki/973/", "registered_year": "", "facilities": [], "scraped_at": "2026-02-19T01:06:23.752049+00:00"}
{"station_id": 18828, "name": "サラブレッドロード新冠", "prefecture": "北海道", "prefecture_id": 10, "postal_code": "059-2402", "address": "北海道新冠郡新冠町字中央町1-20", "tel": "0146-45-7070", "parking_large": "", "parking_normal": "", "business_hours": "10:00～18:00", "homepage": "http://www.hokkaido-michinoeki.jp/michinoeki/988/", "registered_year": "", "facilities": [], "scraped_at": "2026-02-19T01:06:25.406116+00:00"}
{"station_id": 18829, "name": "ピア21しほろ", "prefecture": "北海道", "prefecture_id": 10, "postal_code": "080-1200", "address": "北海道河東郡士幌町字士幌西2線147", "tel": "01564-5-3940", "parking_large": "", "parking_normal": "", "business_hours": "9:00～18:00（4月～11月）　9:00～17:00（12月～3月）", "homepage": "http://www.hokkaido-michinoeki.jp/michinoeki/1001/", "registered_year": "", "facilities": [], "scraped_at": "2026-02-19T01:06:27.043350+00:00"}
{"station_id": 18830, "name": "香りの里たきのうえ", "prefecture": "北海道", "prefecture_id": 10, "postal_code": "099-5602", "address": "北海道紋別郡滝上町旭町", "tel": "0158-29-3300", "parking_large": "", "parking_normal": "", "business_hours": "8:30 ～17:00", "homepage": "http://www.hokkaido-michinoeki.jp/michinoeki/1016/", "registered_year": "", "facilities": [], "scraped_at": "2026-02-19T01:06:28.685021+00:00"}
{"station_id": 18831, "name": "田園の里うりゅう", "prefecture": "北海道", "prefecture_id": 10, "postal_code": "078-2600", "address": "北海道雨竜郡雨竜町字満寿28-3", "tel": "0125-79-2100", "parking_large": "", "parking_normal": "", "business_hours": "9:00～18:00（5～10月） 10:00～16:00（11～4月）", "homepage": "http://www.hokkaido-michinoeki.jp/michinoeki/1026/", "registered_year": "", "facilities": [], "scraped_at": "2026-02-19T01:06:30.318185+00:00"}
{"station_id": 18832, "name": "みたら室蘭", "prefecture": "北海道", "prefecture_id": 10, "postal_code": "051-0036", "address": "北海道室蘭市祝津町4-16-15", "tel": "0143-26-2030", "parking_large": "", "parking_normal": "", "business_hours": "9:30～19:00 （11～3月は17:00まで、毎週木曜・祝日の場合は金曜定休日)　※館内各店舗の営業時間は店舗により異なる", "homepage": "http://www.hokkaido-michinoeki.jp/michinoeki/1039/", "registered_year": "", "facilities": [], "scraped_at": "2026-02-19T01:06:35.532230+00:00"}
{"station_id": 18833, "name": "とうま", "prefecture": "北海道", "prefecture_id": 10, "postal_code": "078-1332", "address": "北海道上川郡当麻町字園別２区", "tel": "0166-58-8639", "parking_large": "", "parking_normal": "", "business_hours": "9:00～18:00", "homepage": "http://www.hokkaido-michinoeki.jp/michinoeki/1677/", "registered_year": "", "facilities": [], "scraped_at": "2026-02-19T01:06:37.171456+00:00"}
{"station_id": 18834, "name": "スペース・アップルよいち", "prefecture": "北海道", "prefecture_id": 10, "postal_code": "046-0003", "address": "北海道余市郡余市町黒川町6-4", "tel": "0135-22-1515", "parking_large": "", "parking_normal": "", "business_hours": "4月中旬～11月上旬 9:00～18:00 11月上旬～4月中旬 9:00～17:00", "homepage": "http://www.hokkaido-michinoeki.jp/michinoeki/1699/", "registered_year": "", "facilities": [], "scraped_at": "2026-02-19T01:06:38.808130+00:00"}
{"station_id": 18835, "name": "ほっと♡はぼろ", "prefecture": "北海道", "prefecture_id": 10, "postal_code": "078-4113", "address": "北海道苫前郡羽幌町北3条1-29", "tel": "0164-62-3800", "parking_large": "", "parking_normal": "", "business_hours": "7:00～22:00", "homepage": "http://www.hokkaido-michinoeki.jp/michinoeki/1747/", "registered_year": "", "facilities": [], "scraped_at": "2026-02-19T01:06:40.448407+00:00"}
{"station_id": 18836, "name": "サロマ湖", "prefecture": "北海道", "prefecture_id": 10, "postal_code": "093-0421", "address": "北海道常呂郡佐呂間町字浪速121-3", "tel": "01587-5-2828", "parking_large": "", "parking_normal": "", "business_hours": "9:00～18:00（11～3月は9:00～17:00）", "homepage": "http://www.hokkaido-michinoeki.jp/michinoeki/1787/", "registered_year": "", "facilities": [], "scraped_at": "2026-02-19T01:06:42.174638+00:00"}
{"station_id": 18837, "name": "愛ランド湧別", "prefecture": "北海道", "prefecture_id": 10, "postal_code": "093-0652", "address": "北海道紋別郡湧別町志撫子6-2", "tel": "01586-8-2455", "parking_large": "", "parking_normal": "", "business_hours": "9:00～17:30", "homepage": "http://www.hokkaido-michinoeki.jp/michinoeki/1951/", "registered_year": "", "facilities": [], "scraped_at": "2026-02-19T01:06:43.808499+00:00"}
{"station_id": 18838, "name": "おうむ", "prefecture": "北海道", "prefecture_id": 10, "postal_code": "098-1702", "address": "北海道紋別郡雄武町字雄武1885-14", "tel": "0158-84-2403", "parking_large": "", "parking_normal": "", "business_hours": "8:00～21:00 （5～10月） 8:00～20:00 （11～4月）", "homepage": "http://www.hokkaido-michinoeki.jp/michinoeki/1975/", "registered_year": "", "facilities": [], "scraped_at": "2026-02-19T01:06:45.443273+00:00"}
{"station_id": 18839, "name": "さるふつ公園", "prefecture": "北海道", "prefecture_id": 10, "postal_code": "098-6222", "address": "北海道宗谷郡猿払村字浜鬼志別241-7", "tel": "01635-2-2311", "parking_large": "", "parking_normal": "", "business_hours": "9:00～17:00", "homepage": "http://www.hokkaido-michinoeki.jp/michinoeki/2010/", "registered_year": "", "facilities": [], "scraped_at": "2026-02-19T01:06:47.080605+00:00"}
{"station_id": 18840, "name": "森と湖の里ほろかない", "prefecture": "北海道", "prefecture_id": 10, "postal_code": "074-0425", "address": "北海道雨竜郡幌加内町字政和第1", "tel": "0165-37-2070", "parking_large": "", "parking_normal": "", "business_hours": "10:00～21:00　冬期10：30～21：00", "homepage": "http://www.hokkaido-michinoeki.jp/michinoeki/2038/", "registered_year": "", "facilities": [], "scraped_at": "2026-02-19T01:06:48.766212+00:00"}
{"station_id": 18841, "name": "うたしないチロルの湯", "prefecture": "北海道", "prefecture_id": 10, "postal_code": "073-0406", "address": "北海道歌志内市字中村72-1", "tel": "0125-42-5566", "parking_large": "", "parking_normal": "", "business_hours": "9:00～17:00", "homepage": "http://www.hokkaido-michinoeki.jp/michinoeki/2066/", "registered_year": "", "facilities": [], "scraped_at": "2026-02-19T01:06:50.416076+00:00"}
{"station_id": 18842, "name": "くろまつない", "prefecture": "北海道", "prefecture_id": 10, "postal_code": "048-0134", "address": "北海道寿都郡黒松内町字白井川8-10", "tel": "0136-71-2222", "parking_large": "", "parking_normal": "", "business_hours": "9:00～18:00（4～10月） 9:00～17:00（11～3月）", "homepage": "http://www.hokkaido-michinoeki.jp/michinoeki/2088/", "registered_year": "", "facilities": [], "scraped_at": "2026-02-19T01:06:52.064612+00:00"}
{"station_id": 18843, "name": "たきかわ", "prefecture": "北海道", "prefecture_id": 10, "postal_code": "079-0463", "address": "北海道滝川市江部乙町東11-13-3", "tel": "0125-26-5500", "parking_large": "", "parking_normal": "", "business_hours": "9:00～18:00（4～10月） 10:00～17:00（11～3月）", "homepage": "http://www.hokkaido-michinoeki.jp/michinoeki/2107/", "registered_year": "", "facilities": [], "scraped_at": "2026-02-19T01:06:53.699853+00:00"}
{"station_id": 18844, "name": "スワン44ねむろ", "prefecture": "北海道", "prefecture_id": 10, "postal_code": "086-0073", "address": "北海道根室市酪陽1", "tel": "0153-25-3055", "parking_large": "", "parking_normal": "", "business_hours": "9:00～17:00（4～6,10月） 9:00～18:00（7～9月） 9:00～16:00（11～3月）", "homepage": "http://www.hokkaido-michinoeki.jp/michinoeki/2143/", "registered_year": "", "facilities": [], "scraped_at": "2026-02-19T01:06:55.351834+00:00"}
{"station_id": 18845, "name": "つるぬま", "prefecture": "北海道", "prefecture_id": 10, "postal_code": "061-0600", "address": "北海道樺戸郡浦臼町字キナウスナイ186-214", "tel": "0125-68-2626", "parking_large": "", "parking_normal": "", "business_hours": "9:00～18:00（4～9月） 10:00～17:00（10～3月）", "homepage": "http://www.hokkaido-michinoeki.jp/michinoeki/2164/", "registered_year": "", "facilities": [], "scraped_at": "2026-02-19T01:06:56.998195+00:00"}
{"station_id": 18846, "name": "なとわ・えさん", "prefecture": "北海道", "prefecture_id": 10, "postal_code": "041-0525", "address": "北海道函館市日ノ浜町31-2", "tel": "0138-85-4010", "parking_large": "", "parking_normal": "", "business_hours": "9:00～18:00（4～9月） 9:00～17:00（10～3月）", "homepage": "http://www.natowaesan.com/roadside_station.htm", "registered_year": "", "facilities": [], "scraped_at": "2026-02-19T01:06:58.643995+00:00"}
{"station_id": 18847, "name": "つど～る・プラザ・さわら", "prefecture": "北海道", "prefecture_id": 10, "postal_code": "049-2222", "address": "北海道茅部郡森町砂原2-358-1", "tel": "01374-8-2828", "parking_large": "", "parking_normal": "", "business_hours": "9:00～17:00", "homepage": "http://www.hokkaido-michinoeki.jp/michinoeki/2200/", "registered_year": "", "facilities": [], "scraped_at": "2026-02-19T01:07:00.290134+00:00"}
{"station_id": 18848, "name": "知床・らうす", "prefecture": "北海道", "prefecture_id": 10, "postal_code": "086-1833", "address": "北海道目梨郡羅臼町本町361-1", "tel": "0153-87-5151", "parking_large": "", "parking_normal": "", "business_hours": "9:00～17:00（5～10月） 10:00～16:00（11～4月）", "homepage": "http://www.hokkaido-michinoeki.jp/michinoeki/2217/", "registered_year": "", "facilities": [], "scraped_at": "2026-02-19T01:07:01.923603+00:00"}
{"station_id": 18849, "name": "さらべつ", "prefecture": "北海道", "prefecture_id": 10, "postal_code": "089-1573", "address": "北海道河西郡更別村字弘和464-1", "tel": "0155-53-3663", "parking_large": "", "parking_normal": "", "business_hours": "9:00～18:00", "homepage": "https://www.instagram.com/mitinoekisarabetsu/", "registered_year": "", "facilities": [], "scraped_at": "2026-02-19T01:07:03.597845+00:00"}
{"station_id": 18850, "name": "だて歴史の杜", "prefecture": "北海道", "prefecture_id": 10, "postal_code": "052-0012", "address": "北海道伊達市松ヶ枝町34-1", "tel": "0142-25-5567", "parking_large": "", "parking_normal": "", "business_hours": "9:00～18:00", "homepage": "http://www.hokkaido-michinoeki.jp/michinoeki/2253/", "registered_year": "", "facilities": [], "scraped_at": "2026-02-19T01:07:05.231188+00:00"}
{"station_id": 18851, "name": "あさひかわ", "prefecture": "北海道", "prefecture_id": 10, "postal_code": "070-8004", "address": "北海道旭川市神楽4条6-1-12", "tel": "0166-61-2283", "parking_large": "", "parking_normal": "", "business_hours": "9:00～21:00 （売店は19:00（夏季）まで・フードコートは店舗により異なります)", "homepage": "http://www.asahikawa-jibasan.com", "registered_year": "", "facilities": [], "scraped_at": "2026-02-19T01:07:06.868305+00:00"}
{"station_id": 18852, "name": "自然体感しむかっぷ", "prefecture": "北海道", "prefecture_id": 10, "postal_code": "079-2201", "address": "北海道勇払郡占冠村字中央", "tel": "0167-39-8010", "parking_large": "", "parking_normal": "", "business_hours": "9:00～18:00", "homepage": "http://www.hokkaido-michinoeki.jp/michinoeki/2298/", "registered_year": "", "facilities": [], "scraped_at": "2026-02-19T01:07:08.510902+00:00"}
{"station_id": 18853, "name": "にしおこっぺ花夢", "prefecture": "北海道", "prefecture_id": 10, "postal_code": "098-1421", "address": "北海道紋別郡西興部村字上興部37", "tel": "0158-87-2333", "parking_large": "", "parking_normal": "", "business_hours": "9:00～17:00", "homepage": "http://www.hokkaido-michinoeki.jp/michinoeki/2325/", "registered_year": "", "facilities": [], "scraped_at": "2026-02-19T01:07:10.147693+00:00"}
{"station_id": 18854, "name": "オーロラタウン93りくべつ", "prefecture": "北海道", "prefecture_id": 10, "postal_code": "089-4315", "address": "北海道足寄郡陸別町大通", "tel": "0156-27-2012", "parking_large": "", "parking_normal": "", "business_hours": "9:00～17:00", "homepage": "http://www.hokkaido-michinoeki.jp/michinoeki/2355/", "registered_year": "", "facilities": [], "scraped_at": "2026-02-19T01:07:11.797530+00:00"}
{"station_id": 18855, "name": "はなやか（葉菜野花）小清水", "prefecture": "北海道", "prefecture_id": 10, "postal_code": "099-3452", "address": "北海道斜里郡小清水町字浜小清水474-7", "tel": "0152-67-7752", "parking_large": "", "parking_normal": "", "business_hours": "9:00～18:00 　レストランは11：00～15：00", "homepage": "http://www.hokkaido-michinoeki.jp/michinoeki/2375/", "registered_year": "", "facilities": [], "scraped_at": "2026-02-19T01:07:13.434685+00:00"}
{"station_id": 18856, "name": "ライスランドふかがわ", "prefecture": "北海道", "prefecture_id": 10, "postal_code": "074-1271", "address": "北海道深川市音江町字広里59-7", "tel": "0164-26-3636", "parking_large": "", "parking_normal": "", "business_hours": "4月・5月～10月：9：00～18：00、6月～9月：9：00～19：00、11月～3月：9：00～17：00", "homepage": "http://www.hokkaido-michinoeki.jp/michinoeki/2390/", "registered_year": "", "facilities": [], "scraped_at": "2026-02-19T01:07:15.079393+00:00"}
{"station_id": 18857, "name": "なかがわ", "prefecture": "北海道", "prefecture_id": 10, "postal_code": "098-2805", "address": "北海道中川郡中川町字誉498-1", "tel": "01656-7-2683", "parking_large": "", "parking_normal": "", "business_hours": "9:00～17:00", "homepage": "http://www.hokkaido-michinoeki.jp/michinoeki/2424/", "registered_year": "", "facilities": [], "scraped_at": "2026-02-19T01:07:16.731488+00:00"}
{"station_id": 18858, "name": "230ルスツ", "prefecture": "北海道", "prefecture_id": 10, "postal_code": "048-1731", "address": "北海道虻田郡留寿都村字留寿都127", "tel": "0136-47-2068", "parking_large": "", "parking_normal": "", "business_hours": "9:00～18:00（4月下旬～10月） 9:00～17:00（11～４月下旬）", "homepage": "http://www.hokkaido-michinoeki.jp/michinoeki/2442/", "registered_year": "", "facilities": [], "scraped_at": "2026-02-19T01:07:18.361526+00:00"}
{"station_id": 18859, "name": "てしお", "prefecture": "北海道", "prefecture_id": 10, "postal_code": "098-3305", "address": "北海道天塩郡天塩町新開通4-7227-2", "tel": "01632-9-2155", "parking_large": "", "parking_normal": "", "business_hours": "4月~10月  9:00～19:00                      11月~3月 9:00~17:00", "homepage": "http://www.hokkaido-michinoeki.jp/michinoeki/2467/", "registered_year": "", "facilities": [], "scraped_at": "2026-02-19T01:07:19.991041+00:00"}
{"station_id": 18860, "name": "コスモール大樹", "prefecture": "北海道", "prefecture_id": 10, "postal_code": "089-2152", "address": "北海道広尾郡大樹町西本通98", "tel": "01558-6-5220", "parking_large": "", "parking_normal": "", "business_hours": "特産品コーナー 9：00〜17：30 （十勝バス大樹案内所【乗車券販売など】）休館 年末年始（12月31日〜1月3日)             ショッピングセンター 9：00〜20：00 （衣料品すずき、100円ショップ、写真店、オリーブ薬局、 コープさっぽろ、ヘアークラブMock、クリーニング、 理療整体院、ラーメンハウスMAMO）休館　1月1日（各テナント臨時休業あり）", "homepage": "http://www.hokkaido-michinoeki.jp/michinoeki/2483/", "registered_year": "", "facilities": [], "scraped_at": "2026-02-19T01:07:21.627211+00:00"}
{"station_id": 18861, "name": "ぐるっとパノラマ美幌峠", "prefecture": "北海道", "prefecture_id": 10, "postal_code": "092-0022", "address": "北海道網走郡美幌町字古梅", "tel": "0152-77-6001", "parking_large": "", "parking_normal": "", "business_hours": "4月～10月　9:00～18:00　　12月～3月　10：00～16：00", "homepage": "http://www.hokkaido-michinoeki.jp/michinoeki/2502/", "registered_year": "", "facilities": [], "scraped_at": "2026-02-19T01:07:23.268162+00:00"}
{"station_id": 18862, "name": "らんこし・ふるさとの丘", "prefecture": "北海道", "prefecture_id": 10, "postal_code": "048-1251", "address": "北海道磯谷郡蘭越町字相生969", "tel": "0136-55-3251", "parking_large": "", "parking_normal": "", "business_hours": "9:00～17:00", "homepage": "http://www.hokkaido-michinoeki.jp/michinoeki/2519/", "registered_year": "", "facilities": [], "scraped_at": "2026-02-19T01:07:24.905909+00:00"}
{"station_id": 18863, "name": "とようら", "prefecture": "北海道", "prefecture_id": 10, "postal_code": "049-5412", "address": "北海道虻田郡豊浦町字旭町65-8", "tel": "0142-83-1010", "parking_large": "", "parking_normal": "", "business_hours": "直売所9:00～17:00　　　　　　　　　　テイクアウトコーナー10:00～16:00", "homepage": "https://toyoura-rss.amebaownd.com/", "registered_year": "", "facilities": [], "scraped_at": "2026-02-19T01:07:26.544067+00:00"}
{"station_id": 18864, "name": "メルヘンの丘めまんべつ", "prefecture": "北海道", "prefecture_id": 10, "postal_code": "099-2356", "address": "北海道網走郡大空町女満別昭和96", "tel": "0152-75-6160", "parking_large": "", "parking_normal": "", "business_hours": "8:45～17:30", "homepage": "http://www.hokkaido-michinoeki.jp/michinoeki/2548/", "registered_year": "", "facilities": [], "scraped_at": "2026-02-19T01:07:28.173392+00:00"}
{"station_id": 18865, "name": "むかわ四季の館", "prefecture": "北海道", "prefecture_id": 10, "postal_code": "054-0042", "address": "北海道勇払郡むかわ町美幸3-3-1", "tel": "0145-42-4171", "parking_large": "", "parking_normal": "", "business_hours": "6:00～22:00", "homepage": "http://www.hokkaido-michinoeki.jp/michinoeki/2569/", "registered_year": "", "facilities": [], "scraped_at": "2026-02-19T01:07:29.812865+00:00"}
{"station_id": 18866, "name": "あいおい", "prefecture": "北海道", "prefecture_id": 10, "postal_code": "092-0361", "address": "北海道網走郡津別町字相生", "tel": "0152-75-9101", "parking_large": "", "parking_normal": "", "business_hours": "9:00～17:00【火曜日定休日(トイレは24時間開放)】", "homepage": "http://www.hokkaido-michinoeki.jp/michinoeki/2585/", "registered_year": "", "facilities": [], "scraped_at": "2026-02-19T01:07:31.437675+00:00"}
{"station_id": 18867, "name": "しかおい", "prefecture": "北海道", "prefecture_id": 10, "postal_code": "081-0222", "address": "北海道河東郡鹿追町東町3-2", "tel": "0156-66-1125", "parking_large": "", "parking_normal": "", "business_hours": "9:00～17:00（3～6月、10～11月） 10:00～16:00（12～2月） 9:00～18:00（7～9月）", "homepage": "http://www.hokkaido-michinoeki.jp/michinoeki/2605/", "registered_year": "", "facilities": [], "scraped_at": "2026-02-19T01:07:33.077767+00:00"}
{"station_id": 18868, "name": "しらたき", "prefecture": "北海道", "prefecture_id": 10, "postal_code": "099-0126", "address": "北海道紋別郡遠軽町奥白滝", "tel": "0158-48-2175", "parking_large": "", "parking_normal": "", "business_hours": "9:00～18:00", "homepage": "http://www.hokkaido-michinoeki.jp/michinoeki/2623/", "registered_year": "", "facilities": [], "scraped_at": "2026-02-19T01:07:34.725153+00:00"}
{"station_id": 18869, "name": "あしょろ銀河ホール21", "prefecture": "北海道", "prefecture_id": 10, "postal_code": "089-3701", "address": "北海道足寄郡足寄町北１条1丁目", "tel": "0156-25-6131", "parking_large": "", "parking_normal": "", "business_hours": "9:00～17:00", "homepage": "http://www.hokkaido-michinoeki.jp/michinoeki/2639/", "registered_year": "", "facilities": [], "scraped_at": "2026-02-19T01:07:36.369882+00:00"}
{"station_id": 18870, "name": "サーモンパーク千歳", "prefecture": "北海道", "prefecture_id": 10, "postal_code": "066-0028", "address": "北海道千歳市花園2-4-2", "tel": "0123-29-3972", "parking_large": "", "parking_normal": "", "business_hours": "9:00～17:00（一部店舗は16:00まで）", "homepage": "http://www.hokkaido-michinoeki.jp/michinoeki/2654/", "registered_year": "", "facilities": [], "scraped_at": "2026-02-19T01:07:38.020197+00:00"}
{"station_id": 18871, "name": "ひがしかわ「道草館」", "prefecture": "北海道", "prefecture_id": 10, "postal_code": "071-1423", "address": "北海道上川郡東川町東町1丁目1番15号", "tel": "0166-68-4777", "parking_large": "", "parking_normal": "", "business_hours": "9:00～19:00", "homepage": "http://www.hokkaido-michinoeki.jp/michinoeki/2668/", "registered_year": "", "facilities": [], "scraped_at": "2026-02-19T01:07:39.661401+00:00"}
{"station_id": 18872, "name": "花ロードえにわ", "prefecture": "北海道", "prefecture_id": 10, "postal_code": "061-1375", "address": "北海道恵庭市南島松817-18", "tel": "0123-37-8787", "parking_large": "", "parking_normal": "", "business_hours": "9:00～18:00（施設・時期により異なる）＜休：12/31～1/2＞", "homepage": "http://www.hokkaido-michinoeki.jp/michinoeki/2684/", "registered_year": "", "facilities": [], "scraped_at": "2026-02-19T01:07:41.310354+00:00"}
{"station_id": 18873, "name": "シェルプラザ・港", "prefecture": "北海道", "prefecture_id": 10, "postal_code": "048-1341", "address": "北海道磯谷郡蘭越町港町1402-2", "tel": "0136-56-2700", "parking_large": "", "parking_normal": "", "business_hours": "9:00～17:00", "homepage": "http://www.hokkaido-michinoeki.jp/michinoeki/2702/", "registered_year": "", "facilities": [], "scraped_at": "2026-02-19T01:07:42.959652+00:00"}
{"station_id": 18874, "name": "真狩フラワーセンター", "prefecture": "北海道", "prefecture_id": 10, "postal_code": "048-1611", "address": "北海道虻田郡真狩村字光8-3", "tel": "0136-48-2007", "parking_large": "", "parking_normal": "", "business_hours": "9:00～17:30（4月下旬～10/31） 9:30～16:30（11/1～4月下旬）", "homepage": "http://www.hokkaido-michinoeki.jp/michinoeki/2715/", "registered_year": "", "facilities": [], "scraped_at": "2026-02-19T01:07:44.617020+00:00"}
{"station_id": 18875, "name": "鐘のなるまち・ちっぷべつ", "prefecture": "北海道", "prefecture_id": 10, "postal_code": "078-2100", "address": "北海道雨竜郡秩父別町2085", "tel": "0164-33-3902", "parking_large": "", "parking_normal": "", "business_hours": "9:00～17:00（4～10月） 9:00～16:00（11～3月）", "homepage": "http://www.hokkaido-michinoeki.jp/michinoeki/2732/", "registered_year": "", "facilities": [], "scraped_at": "2026-02-19T01:07:46.249273+00:00"}
{"station_id": 18876, "name": "あぷた", "prefecture": "北海道", "prefecture_id": 10, "postal_code": "049-5603", "address": "北海道虻田郡洞爺湖町入江84-2", "tel": "0142-76-5501", "parking_large": "", "parking_normal": "", "business_hours": "9::00～18:00（冬期17:00）", "homepage": "http://www.hokkaido-michinoeki.jp/michinoeki/2751/", "registered_year": "", "facilities": [], "scraped_at": "2026-02-19T01:07:47.892300+00:00"}
{"station_id": 18877, "name": "うりまく", "prefecture": "北海道", "prefecture_id": 10, "postal_code": "081-0341", "address": "北海道河東郡鹿追町瓜幕西3-1外", "tel": "0156-67-2626", "parking_large": "", "parking_normal": "", "business_hours": "9:00～17:00", "homepage": "http://www.hokkaido-michinoeki.jp/michinoeki/2766/", "registered_year": "", "facilities": [], "scraped_at": "2026-02-19T01:07:49.523015+00:00"}
{"station_id": 18878, "name": "絵本の里けんぶち", "prefecture": "北海道", "prefecture_id": 10, "postal_code": "098-0341", "address": "北海道上川郡剣淵町東町2420", "tel": "0165-34-3811", "parking_large": "", "parking_normal": "", "business_hours": "9:00～17:00（5～10月中旬） 9:00～16:00（10月中旬～4月）", "homepage": "http://www.hokkaido-michinoeki.jp/michinoeki/2782/", "registered_year": "", "facilities": [], "scraped_at": "2026-02-19T01:07:51.167033+00:00"}
{"station_id": 18879, "name": "風Ｗとままえ", "prefecture": "北海道", "prefecture_id": 10, "postal_code": "078-3701", "address": "北海道苫前郡苫前町字苫前119-１", "tel": "0164-64-2810", "parking_large": "", "parking_normal": "", "business_hours": "7:00～21:00", "homepage": "http://www.hokkaido-michinoeki.jp/michinoeki/2805/", "registered_year": "", "facilities": [], "scraped_at": "2026-02-19T01:07:52.820813+00:00"}
{"station_id": 18880, "name": "しほろ温泉", "prefecture": "北海道", "prefecture_id": 10, "postal_code": "080-1285", "address": "北海道河東郡士幌町字下居辺西２-134", "tel": "01564-5-3630", "parking_large": "", "parking_normal": "", "business_hours": "10:00～21:00", "homepage": "http://www.hokkaido-michinoeki.jp/michinoeki/2824/", "registered_year": "", "facilities": [], "scraped_at": "2026-02-19T01:07:54.466402+00:00"}
{"station_id": 18881, "name": "名水の郷きょうごく", "prefecture": "北海道", "prefecture_id": 10, "postal_code": "044-0131", "address": "北海道虻田郡京極町字川西45-1", "tel": "0136-42-2292", "parking_large": "", "parking_normal": "", "business_hours": "売店　9：00～17：00　　　　　　　　　　レストラン　11：00～16：00　　　　　　　休館日　毎週水曜日及び年末年始（12/31～1/3）", "homepage": "http://www.hokkaido-michinoeki.jp/michinoeki/2841/", "registered_year": "", "facilities": [], "scraped_at": "2026-02-19T01:07:56.114104+00:00"}
{"station_id": 18882, "name": "びえい「丘のくら」", "prefecture": "北海道", "prefecture_id": 10, "postal_code": "071-0208", "address": "北海道上川郡美瑛町本町1-9-21", "tel": "0166-92-0920", "parking_large": "", "parking_normal": "", "business_hours": "9:00～18:00（6～８月）　9:00～17:00（3～5月、9～11月）　10:00～17:00（12～2月）", "homepage": "http://www.hokkaido-michinoeki.jp/michinoeki/2854/", "registered_year": "", "facilities": [], "scraped_at": "2026-02-19T01:07:57.737568+00:00"}
{"station_id": 18883, "name": "☆ロマン街道しょさんべつ", "prefecture": "北海道", "prefecture_id": 10, "postal_code": "078-4431", "address": "北海道苫前郡初山別村字豊岬153-1", "tel": "0164-67-2525", "parking_large": "", "parking_normal": "", "business_hours": "10:00～21:00", "homepage": "http://www.hokkaido-michinoeki.jp/michinoeki/2870/", "registered_year": "", "facilities": [], "scraped_at": "2026-02-19T01:07:59.388984+00:00"}
{"station_id": 18884, "name": "うとろ・シリエトク", "prefecture": "北海道", "prefecture_id": 10, "postal_code": "099-4354", "address": "北海道斜里郡斜里町ウトロ西186-8", "tel": "0152-22-5000", "parking_large": "", "parking_normal": "", "business_hours": "9：00～17：00（レストラン 10：00～15：00）", "homepage": "http://www.hokkaido-michinoeki.jp/michinoeki/2884/", "registered_year": "", "facilities": [], "scraped_at": "2026-02-19T01:08:01.033196+00:00"}
{"station_id": 18885, "name": "しゃり", "prefecture": "北海道", "prefecture_id": 10, "postal_code": "099-4113", "address": "北海道斜里郡斜里町本町37", "tel": "0152-26-8888", "parking_large": "", "parking_normal": "", "business_hours": "9:00～19:00", "homepage": "http://www.hokkaido-michinoeki.jp/michinoeki/2905/", "registered_year": "", "facilities": [], "scraped_at": "2026-02-19T01:08:02.670713+00:00"}
{"station_id": 18886, "name": "パパスランドさっつる", "prefecture": "北海道", "prefecture_id": 10, "postal_code": "099-4522", "address": "北海道斜里郡清里町字神威1071", "tel": "0152-26-2288", "parking_large": "", "parking_normal": "", "business_hours": "9:00～21:00", "homepage": "http://www.hokkaido-michinoeki.jp/michinoeki/2920/", "registered_year": "", "facilities": [], "scraped_at": "2026-02-19T01:08:04.343843+00:00"}
{"station_id": 18887, "name": "もち米の里☆なよろ", "prefecture": "北海道", "prefecture_id": 10, "postal_code": "098-0507", "address": "北海道名寄市風連町西町334-1", "tel": "01655-7-8686", "parking_large": "", "parking_normal": "", "business_hours": "9:00～18:00", "homepage": "http://www.hokkaido-michinoeki.jp/michinoeki/2939/", "registered_year": "", "facilities": [], "scraped_at": "2026-02-19T01:08:05.971983+00:00"}
{"station_id": 18888, "name": "みなとま～れ寿都", "prefecture": "北海道", "prefecture_id": 10, "postal_code": "048-0404", "address": "北海道寿都郡寿都町字大磯町29-1", "tel": "0136-62-2550", "parking_large": "", "parking_normal": "", "business_hours": "9:00～18:00", "homepage": "http://www.hokkaido-michinoeki.jp/michinoeki/2959/", "registered_year": "", "facilities": [], "scraped_at": "2026-02-19T01:08:07.618138+00:00"}
{"station_id": 18889, "name": "とうや湖", "prefecture": "北海道", "prefecture_id": 10, "postal_code": "049-5831", "address": "北海道虻田郡洞爺湖町香川9-4", "tel": "0142-87-2200", "parking_large": "", "parking_normal": "", "business_hours": "4月～10月（8:30～17:00）　11月～3月（9：00～16：00）", "homepage": "http://www.hokkaido-michinoeki.jp/michinoeki/2974/", "registered_year": "", "facilities": [], "scraped_at": "2026-02-19T01:08:09.262626+00:00"}
{"station_id": 18890, "name": "流氷街道網走", "prefecture": "北海道", "prefecture_id": 10, "postal_code": "093-0003", "address": "北海道網走市南3条東4丁目", "tel": "0152-67-5007", "parking_large": "", "parking_normal": "", "business_hours": "9:00～18:00", "homepage": "http://www.hokkaido-michinoeki.jp/michinoeki/2986/", "registered_year": "", "facilities": [], "scraped_at": "2026-02-19T01:08:10.903339+00:00"}
{"station_id": 18891, "name": "北前船 松前", "prefecture": "北海道", "prefecture_id": 10, "postal_code": "049-1506", "address": "北海道松前郡松前町字唐津379", "tel": "0139-46-2211", "parking_large": "", "parking_normal": "", "business_hours": "9:00～18:00（4～9月） 9:00～17:00（10～3月）　定休日：毎週火曜日（10～3月、火曜日が祝日の場合は翌日水曜日）及び年末年始（お問い合わせください）", "homepage": "http://www.hokkaido-michinoeki.jp/michinoeki/3007/", "registered_year": "", "facilities": [], "scraped_at": "2026-02-19T01:08:12.568632+00:00"}
{"station_id": 18892, "name": "ステラ★ほんべつ", "prefecture": "北海道", "prefecture_id": 10, "postal_code": "089-3334", "address": "北海道中川郡本別町北3-1-1", "tel": "0156-22-5819", "parking_large": "", "parking_normal": "", "business_hours": "9:00～18:00", "homepage": "http://www.hokkaido-michinoeki.jp/michinoeki/3021/", "registered_year": "", "facilities": [], "scraped_at": "2026-02-19T01:08:14.220551+00:00"}
{"station_id": 18893, "name": "ウトナイ湖", "prefecture": "北海道", "prefecture_id": 10, "postal_code": "059-1365", "address": "北海道苫小牧市字植苗156-30", "tel": "0144-58-4137", "parking_large": "", "parking_normal": "", "business_hours": "9:00～18:00（11月～2月は9:00～17:00）", "homepage": "http://www.hokkaido-michinoeki.jp/michinoeki/3038/", "registered_year": "", "facilities": [], "scraped_at": "2026-02-19T01:08:15.871506+00:00"}
{"station_id": 18894, "name": "うらほろ", "prefecture": "北海道", "prefecture_id": 10, "postal_code": "089-5621", "address": "北海道十勝郡浦幌町字北町16-3", "tel": "015-576-5678", "parking_large": "", "parking_normal": "", "business_hours": "9:00～17:00", "homepage": "http://www.hokkaido-michinoeki.jp/michinoeki/3057/", "registered_year": "", "facilities": [], "scraped_at": "2026-02-19T01:08:17.508541+00:00"}
{"station_id": 18895, "name": "しんしのつ", "prefecture": "北海道", "prefecture_id": 10, "postal_code": "068-1100", "address": "北海道石狩郡新篠津村第45線北２", "tel": "0126-58-3166", "parking_large": "", "parking_normal": "", "business_hours": "7：00～22：00 ※休館日の翌日は10：00開館 　道の駅グッズ販売は21：00まで", "homepage": "https://tappunoyuonsen.com/", "registered_year": "", "facilities": [], "scraped_at": "2026-02-19T01:08:19.141022+00:00"}
{"station_id": 18896, "name": "夕張メロード", "prefecture": "北海道", "prefecture_id": 10, "postal_code": "068-0755", "address": "北海道夕張市紅葉山529", "tel": "0123-53-8111", "parking_large": "", "parking_normal": "", "business_hours": "10:00～18:30", "homepage": "http://www.hokkaido-michinoeki.jp/michinoeki/3083/", "registered_year": "", "facilities": [], "scraped_at": "2026-02-19T01:08:20.776096+00:00"}
{"station_id": 18897, "name": "おだいとう", "prefecture": "北海道", "prefecture_id": 10, "postal_code": "086-1641", "address": "北海道野付郡別海町尾岱沼5-27", "tel": "0153-86-2449", "parking_large": "", "parking_normal": "", "business_hours": "9:00～17:00（5～10月） 9:00～16:00（11～4月）　火曜日定休（10月～6月）　※７～9月無休", "homepage": "http://www.hokkaido-michinoeki.jp/michinoeki/3099/", "registered_year": "", "facilities": [], "scraped_at": "2026-02-19T01:08:22.418532+00:00"}
{"station_id": 18898, "name": "縄文ロマン　南かやべ", "prefecture": "北海道", "prefecture_id": 10, "postal_code": "041-1613", "address": "北海道函館市臼尻町551-1", "tel": "0138-25-2030", "parking_large": "", "parking_normal": "", "business_hours": "9:00～17:00（4～10月） 9:00～16:30（11～3月）　定休日：毎週月曜日※月曜日が祝日の場合は翌日，年末年始（12月29日～1月3日）", "homepage": "http://www.hokkaido-michinoeki.jp/michinoeki/3114/", "registered_year": "", "facilities": [], "scraped_at": "2026-02-19T01:08:24.057997+00:00"}
{"station_id": 18899, "name": "わっかない", "prefecture": "北海道", "prefecture_id": 10, "postal_code": "097-0023", "address": "北海道稚内市開運2丁目", "tel": "0162-29-0277", "parking_large": "", "parking_normal": "", "business_hours": "10:00～18:00", "homepage": "http://www.hokkaido-michinoeki.jp/michinoeki/3126/", "registered_year": "", "facilities": [], "scraped_at": "2026-02-19T01:08:25.716523+00:00"}
{"station_id": 19821, "name": "あかいがわ", "prefecture": "北海道", "prefecture_id": 10, "postal_code": "046-0541", "address": "北海道余市郡赤井川村字都190-16", "tel": "0135-34-6699", "parking_large": "", "parking_normal": "", "business_hours": "8:30～18:00(5～10月)、9:00～17:00(11～4月)", "homepage": "http://www.hokkaido-michinoeki.jp/michinoeki/3143/", "registered_year": "", "facilities": [], "scraped_at": "2026-02-19T01:08:27.377289+00:00"}
{"station_id": 19840, "name": "みそぎの郷　きこない", "prefecture": "北海道", "prefecture_id": 10, "postal_code": "049-0400", "address": "北海道上磯郡木古内町字本町338-14", "tel": "01392-2-3161", "parking_large": "", "parking_normal": "", "business_hours": "9:00～18:00", "homepage": "http://www.hokkaido-michinoeki.jp/michinoeki/3158/", "registered_year": "", "facilities": [], "scraped_at": "2026-02-19T01:08:29.014799+00:00"}
{"station_id": 19841, "name": "しかべ間歇泉公園", "prefecture": "北海道", "prefecture_id": 10, "postal_code": "041-1402", "address": "北海道茅部郡鹿部町字鹿部18-1", "tel": "01372-7-5655", "parking_large": "", "parking_normal": "", "business_hours": "【3月20日−11月30日】 月〜木　9時～17時 金〜日·祝　8時半～18時 定休日なし  【12月1日−3月19日】 月～木　10時～15時 金〜日·祝　9時～18時　定休日　1月4日～3月19日の毎週水曜日、年末年始（12月30日～1月1日）", "homepage": "https://shikabe-tara.com/", "registered_year": "", "facilities": [], "scraped_at": "2026-02-19T01:08:30.689026+00:00"}
{"station_id": 19888, "name": "ノンキーランドひがしもこと", "prefecture": "北海道", "prefecture_id": 10, "postal_code": "099-3244", "address": "北海道網走郡大空町東藻琴100", "tel": "0152-66-3600", "parking_large": "", "parking_normal": "", "business_hours": "9:00～18:00", "homepage": "http://www.hokkaido-michinoeki.jp/michinoeki/13538/", "registered_year": "", "facilities": [], "scraped_at": "2026-02-19T01:08:32.334203+00:00"}
{"station_id": 19889, "name": "北欧の風 道の駅とうべつ", "prefecture": "北海道", "prefecture_id": 10, "postal_code": "061-3773", "address": "北海道石狩郡当別町当別太774-11", "tel": "0133-27-5260", "parking_large": "", "parking_normal": "", "business_hours": "【3月～12月】9:00~17:00、【1月～2月】10:00~16:00", "homepage": "http://www.hokkaido-michinoeki.jp/michinoeki/13542/", "registered_year": "", "facilities": [], "scraped_at": "2026-02-19T01:08:33.975791+00:00"}
{"station_id": 19897, "name": "石狩「あいろーど厚田」", "prefecture": "北海道", "prefecture_id": 10, "postal_code": "061-3601", "address": "北海道石狩市厚田区厚田98-2", "tel": "0133-78-2300", "parking_large": "", "parking_normal": "", "business_hours": "10:00～16:00（11/1-3/31）", "homepage": "http://aikaze.co.jp/", "registered_year": "", "facilities": [], "scraped_at": "2026-02-19T01:08:35.616322+00:00"}
{"station_id": 19898, "name": "なないろ・ななえ", "prefecture": "北海道", "prefecture_id": 10, "postal_code": "041-1102", "address": "北海道亀田郡七飯町字峠下380-2", "tel": "0138-86-5195", "parking_large": "", "parking_normal": "", "business_hours": "9:00～18:00〔時期により異なる〕", "homepage": "http://nanairo-nanae.jp/", "registered_year": "", "facilities": [], "scraped_at": "2026-02-19T01:08:37.277909+00:00"}
{"station_id": 19914, "name": "びえい「白金ビルケ」", "prefecture": "北海道", "prefecture_id": 10, "postal_code": "071-0235", "address": "北海道上川郡美瑛町字白金", "tel": "0166-94-3355", "parking_large": "", "parking_normal": "", "business_hours": "9:00～18:00（6～８月）　9:00～17:00（3～5月、9～11月）　10:00～17:00（12～2月）", "homepage": "http://www.hokkaido-michinoeki.jp/michinoeki/16028/", "registered_year": "", "facilities": [], "scraped_at": "2026-02-19T01:08:38.917811+00:00"}
{"station_id": 19927, "name": "北オホーツクはまとんべつ", "prefecture": "北海道", "prefecture_id": 10, "postal_code": "098-5704", "address": "北海道枝幸郡浜頓別町中央北21番1", "tel": "", "parking_large": "", "parking_normal": "", "business_hours": "", "homepage": "", "registered_year": "", "facilities": [], "scraped_at": "2026-02-19T01:08:40.557906+00:00"}
{"station_id": 19928, "name": "あびらD51ステーション", "prefecture": "北海道", "prefecture_id": 10, "postal_code": "059-1921", "address": "北海道勇払郡安平町追分柏が丘49番地1", "tel": "", "parking_large": "", "parking_normal": "", "business_hours": "", "homepage": "https://d51-station.com/", "registered_year": "", "facilities": [], "scraped_at": "2026-02-19T01:08:42.195079+00:00"}
{"station_id": 19936, "name": "遠軽 森のオホーツク", "prefecture": "北海道", "prefecture_id": 10, "postal_code": "099-0344", "address": "北海道紋別郡遠軽町野上150番地1", "tel": "0158-42-4536", "parking_large": "", "parking_normal": "", "business_hours": "9:00～18:00（冬季のスキー場は9：00～20：00）※ゲレンデ状況等により変動あり", "homepage": "https://engaru-mori-no-okhotsk.jp/", "registered_year": "", "facilities": [], "scraped_at": "2026-02-19T01:08:43.853206+00:00"}
{"station_id": 19942, "name": "かみしほろ", "prefecture": "北海道", "prefecture_id": 10, "postal_code": "", "address": "北海道河東郡上士幌町字上士幌東3線227番地1", "tel": "01564-7-7722", "parking_large": "", "parking_normal": "", "business_hours": "9:00～18:00（冬季～17:00）◆レストラン「La Table de KAMISHIHORO」11:00～16:00(モーニング8:00～10:00)", "homepage": "https://karch.jp/michinoeki/", "registered_year": "", "facilities": [], "scraped_at": "2026-02-19T01:08:45.495511+00:00"}
{"station_id": 19943, "name": "るもい", "prefecture": "北海道", "prefecture_id": 10, "postal_code": "077-0005", "address": "北海道留萌市船場町2丁目114", "tel": "0164-43-1501", "parking_large": "", "parking_normal": "", "business_hours": "9:00～17:00", "homepage": "http://www.hokkaido-michinoeki.jp/michinoeki/23225/", "registered_year": "", "facilities": [], "scraped_at": "2026-02-19T01:08:47.259638+00:00"}
{"station_id": 19955, "name": "ガーデンスパ十勝川温泉", "prefecture": "北海道", "prefecture_id": 10, "postal_code": "080-0261", "address": "北海道河東郡音更町十勝川温泉北14丁目1番地", "tel": "0155-46-2447", "parking_large": "", "parking_normal": "", "business_hours": "5月～10月　9：00～19：00（月～木）9：00～21：00（金～日・祝日）　　　　　　11月～4月　9：00～19：00", "homepage": "http://www.tokachigawa.jp/", "registered_year": "", "facilities": [], "scraped_at": "2026-02-19T01:08:48.901961+00:00"}
{"station_id": 19962, "name": "羊のまち 侍・しべつ", "prefecture": "北海道", "prefecture_id": 10, "postal_code": "095-0019", "address": "北海道士別市大通東5丁目440番地23", "tel": "（0165）26-7353", "parking_large": "", "parking_normal": "", "business_hours": "夏季　５月～１０月　9:00～18:00、冬季　１１月～４月　10:00～17:00", "homepage": "https://machi-shibetsu.securesite.jp", "registered_year": "", "facilities": [], "scraped_at": "2026-02-19T01:08:50.537372+00:00"}
{"station_id": 22522, "name": "275つきがた", "prefecture": "北海道", "prefecture_id": 10, "postal_code": "", "address": "北海道樺戸郡月形町81番地10", "tel": "0126-37-2188", "parking_large": "", "parking_normal": "", "business_hours": "【道の駅】9：００～２１：００（毎月第３火曜日休館※祝日の場合は翌日）　【日帰り温泉】１１：００～２１：００（最終入場２０：３０）（毎月第３火曜日休館※祝日の場合は翌日）　【レストラン】１１：３０～１９：３０【LO１９：００】（毎週火曜日休館※祝日の場合は翌日）", "homepage": "https://ad.t-norte.com/lp/275tsukigata_open/", "registered_year": "", "facilities": [], "scraped_at": "2026-02-19T01:08:52.176273+00:00"}
{"station_id": 22681, "name": "ふるびらたらこミュージアム", "prefecture": "北海道", "prefecture_id": 10, "postal_code": "046-0121", "address": "北海道古平郡古平町大字浜町40-4", "tel": "", "parking_large": "", "parking_normal": "", "business_hours": "", "homepage": "", "registered_year": "", "facilities": [], "scraped_at": "2026-02-19T01:08:53.818769+00:00"}
